what,kind,bundleId,bundleVersion,description,time
deactivated,workbench,org.eclipse.ui.workbench,3.6.2.M20110210-1200,"",1403256614853
activated,workbench,org.eclipse.ui.workbench,3.6.2.M20110210-1200,"",1403256616113
closed,workbench,org.eclipse.ui.workbench,3.6.2.M20110210-1200,"",1403256617314
stopped,bundle,org.eclipse.jst.j2ee.xdoclet.runtime,1.1.300.v201004280700,"org.eclipse.jst.j2ee.xdoclet.runtime",1403256620761
stopped,bundle,org.eclipse.jst.j2ee.ejb.annotations.xdoclet,1.2.100.v201003112036,"org.eclipse.jst.j2ee.ejb.annotations.xdoclet",1403256620776
stopped,bundle,org.eclipse.jst.server.generic.jboss,1.6.1.v200904151730,"org.eclipse.jst.server.generic.jboss",1403256620981
stopped,bundle,org.eclipse.jst.server.generic.jonas,1.5.205.v200805140145,"org.eclipse.jst.server.generic.jonas",1403256621099
stopped,bundle,org.eclipse.jst.server.generic.oc4j,1.5.206.v20090812,"org.eclipse.jst.server.generic.oc4j",1403256621258
stopped,bundle,org.eclipse.jst.server.websphere.core,1.0.302.v20080620,"org.eclipse.jst.server.websphere.core",1403256621281
stopped,bundle,org.eclipse.jst.server.generic.ui,1.0.505.v20100428,"org.eclipse.jst.server.generic.ui",1403256621312
stopped,bundle,org.eclipse.jst.server.generic.core,1.0.606.v20100512,"org.eclipse.jst.server.generic.core",1403256621394
activated,perspective,org.eclipse.jst.j2ee.ui,,"org.eclipse.jst.j2ee.J2EEPerspective",1403257216282
started,bundle,org.eclipse.osgi,3.6.2.R36x_v20110210,"org.eclipse.osgi",1403257216283
started,bundle,com.ibm.icu,4.2.1.v20100412,"com.ibm.icu",1403257216283
started,bundle,org.eclipse.core.contenttype,3.4.100.v20100505-1235,"org.eclipse.core.contenttype",1403257216284
started,bundle,org.eclipse.core.databinding.observable,1.3.0.I20100601-0800,"org.eclipse.core.databinding.observable",1403257216285
started,bundle,org.eclipse.core.expressions,3.4.200.v20100505,"org.eclipse.core.expressions",1403257216285
started,bundle,org.eclipse.core.filebuffers,3.5.100.v20100520-0800,"org.eclipse.core.filebuffers",1403257216286
started,bundle,org.eclipse.core.net,1.2.100.I20100511-0800,"org.eclipse.core.net",1403257216286
started,bundle,org.eclipse.core.runtime,3.6.0.v20100505,"org.eclipse.core.runtime",1403257216287
started,bundle,org.eclipse.core.runtime.compatibility,3.2.100.v20100505,"org.eclipse.core.runtime.compatibility",1403257216287
started,bundle,org.eclipse.core.runtime.compatibility.auth,3.2.200.v20100517,"org.eclipse.core.runtime.compatibility.auth",1403257216288
started,bundle,org.eclipse.debug.core,3.6.0.v20100519,"org.eclipse.debug.core",1403257216288
started,bundle,org.eclipse.emf.ecore.xmi,2.5.0.v20100521-1846,"org.eclipse.emf.ecore.xmi",1403257216289
started,bundle,org.eclipse.equinox.common,3.6.0.v20100503,"org.eclipse.equinox.common",1403257216289
started,bundle,org.eclipse.equinox.event,1.2.0.v20100503,"org.eclipse.equinox.event",1403257216289
started,bundle,org.eclipse.equinox.p2.metadata.repository,1.1.0.v20100513,"org.eclipse.equinox.p2.metadata.repository",1403257216290
started,bundle,org.eclipse.equinox.p2.operations,2.0.0.v20100510,"org.eclipse.equinox.p2.operations",1403257216290
started,bundle,org.eclipse.equinox.p2.ui.sdk.scheduler,1.0.0.v20100507-1815,"org.eclipse.equinox.p2.ui.sdk.scheduler",1403257216291
started,bundle,org.eclipse.equinox.preferences,3.3.0.v20100503,"org.eclipse.equinox.preferences",1403257216291
started,bundle,org.eclipse.equinox.registry,3.5.0.v20100503,"org.eclipse.equinox.registry",1403257216292
started,bundle,org.eclipse.equinox.security,1.0.200.v20100503,"org.eclipse.equinox.security",1403257216312
started,bundle,org.eclipse.equinox.util,1.0.200.v20100503,"org.eclipse.equinox.util",1403257216313
started,bundle,org.eclipse.help,3.5.0.v20100524,"org.eclipse.help",1403257216313
started,bundle,org.eclipse.jdt.core.manipulation,1.3.0.v20100520-0800,"org.eclipse.jdt.core.manipulation",1403257216314
started,bundle,org.eclipse.jem,2.0.400.v201005110200,"org.eclipse.jem",1403257216317
started,bundle,org.eclipse.jem.workbench,2.0.300.v200910290230,"org.eclipse.jem.workbench",1403257216317
started,bundle,org.eclipse.jst.j2ee.webservice,1.1.400.v201004110600,"org.eclipse.jst.j2ee.webservice",1403257216318
started,bundle,org.eclipse.jst.j2ee.webservice.ui,1.1.400.v201004110600,"org.eclipse.jst.j2ee.webservice.ui",1403257216319
started,bundle,org.eclipse.jst.server.core,1.2.101.v20100421,"org.eclipse.jst.server.core",1403257216320
started,bundle,org.eclipse.ui.navigator,3.5.0.I20100601-0800,"org.eclipse.ui.navigator",1403257216320
started,bundle,org.eclipse.ui.net,1.2.100.I20100505-1245,"org.eclipse.ui.net",1403257216321
started,bundle,org.eclipse.update.configurator,3.3.100.v20100512,"org.eclipse.update.configurator",1403257216321
started,bundle,org.eclipse.update.scheduler,3.2.300.v20100512,"org.eclipse.update.scheduler",1403257216321
started,bundle,org.eclipse.wst.common.core,1.2.0.v200908252030,"org.eclipse.wst.common.core",1403257216322
started,bundle,org.eclipse.wst.common.frameworks,1.2.0.v201003040800,"org.eclipse.wst.common.frameworks",1403257216322
started,bundle,org.eclipse.wst.common.frameworks.ui,1.2.0.v201004080500,"org.eclipse.wst.common.frameworks.ui",1403257216323
started,bundle,org.eclipse.wst.common.ui,1.1.500.v200911190730,"org.eclipse.wst.common.ui",1403257216324
started,bundle,org.eclipse.wst.common.uriresolver,1.1.401.v201004280700,"org.eclipse.wst.common.uriresolver",1403257216324
started,bundle,org.eclipse.wst.dtd.ui,1.0.500.v201004290328,"org.eclipse.wst.dtd.ui",1403257216325
started,bundle,org.eclipse.wst.internet.cache,1.0.400.v201004280700,"org.eclipse.wst.internet.cache",1403257216325
started,bundle,org.eclipse.wst.jsdt.manipulation,1.0.200.v201004150600,"org.eclipse.wst.jsdt.manipulation",1403257216326
started,bundle,org.eclipse.wst.xsl.core,1.1.0.v201004290328,"org.eclipse.wst.xsl.core",1403257216326
started,bundle,org.eclipse.wst.xsl.exslt.core,1.0.0.v201005240426,"org.eclipse.wst.xsl.exslt.core",1403257216326
started,bundle,org.eclipse.equinox.simpleconfigurator,1.0.200.v20100503,"org.eclipse.equinox.simpleconfigurator",1403257216327
started,bundle,org.eclipse.compare.core,3.5.101.R36x_v20100929-0800,"org.eclipse.compare.core",1403257216327
started,bundle,org.eclipse.core.filesystem,1.3.1.R36x_v20100727-0745,"org.eclipse.core.filesystem",1403257216328
started,bundle,org.eclipse.core.jobs,3.5.1.R36x_v20100824,"org.eclipse.core.jobs",1403257216328
started,bundle,org.eclipse.core.resources,3.6.1.R36x_v20110131-1630,"org.eclipse.core.resources",1403257216342
started,bundle,org.eclipse.debug.ui,3.6.3.v20101201_r362,"org.eclipse.debug.ui",1403257216354
started,bundle,org.eclipse.emf.common,2.6.0.v20100914-1218,"org.eclipse.emf.common",1403257216355
started,bundle,org.eclipse.emf.common.ui,2.6.0.v20100914-1218,"org.eclipse.emf.common.ui",1403257216356
started,bundle,org.eclipse.emf.ecore,2.6.1.v20100914-1218,"org.eclipse.emf.ecore",1403257216356
started,bundle,org.eclipse.emf.edit,2.6.0.v20100914-1218,"org.eclipse.emf.edit",1403257216357
started,bundle,org.eclipse.emf.edit.ui,2.6.0.v20100914-1218,"org.eclipse.emf.edit.ui",1403257216358
started,bundle,org.eclipse.epp.usagedata.gathering,1.3.1.R201102081640,"org.eclipse.epp.usagedata.gathering",1403257216358
started,bundle,org.eclipse.epp.usagedata.recording,1.3.1.R201102081640,"org.eclipse.epp.usagedata.recording",1403257216358
started,bundle,org.eclipse.equinox.app,1.3.1.R36x_v20100803,"org.eclipse.equinox.app",1403257216359
started,bundle,org.eclipse.equinox.ds,1.2.1.R36x_v20100803,"org.eclipse.equinox.ds",1403257216360
started,bundle,org.eclipse.equinox.p2.core,2.0.3.R36x_v20110111,"org.eclipse.equinox.p2.core",1403257216360
started,bundle,org.eclipse.equinox.p2.directorywatcher,1.0.203.R36x_v20101220,"org.eclipse.equinox.p2.directorywatcher",1403257216361
started,bundle,org.eclipse.equinox.p2.engine,2.0.1.R36x_v20110201,"org.eclipse.equinox.p2.engine",1403257216361
started,bundle,org.eclipse.equinox.p2.metadata,2.0.1.R36x_v20101202,"org.eclipse.equinox.p2.metadata",1403257216362
started,bundle,org.eclipse.equinox.p2.reconciler.dropins,1.1.2.R36x_v20110114,"org.eclipse.equinox.p2.reconciler.dropins",1403257216362
started,bundle,org.eclipse.equinox.p2.repository,2.0.2.R36x_v20110111-1500,"org.eclipse.equinox.p2.repository",1403257216363
started,bundle,org.eclipse.equinox.p2.updatechecker,1.1.101.R36x_v20100823,"org.eclipse.equinox.p2.updatechecker",1403257216363
started,bundle,org.eclipse.jdt.core,3.6.2.v_A76_R36x,"org.eclipse.jdt.core",1403257216364
started,bundle,org.eclipse.jdt.launching,3.5.200.v20110105_r362,"org.eclipse.jdt.launching",1403257216364
started,bundle,org.eclipse.jdt.ui,3.6.2.r362_v20110203,"org.eclipse.jdt.ui",1403257216422
started,bundle,org.eclipse.jem.util,2.1.3.v201012070000,"org.eclipse.jem.util",1403257216423
started,bundle,org.eclipse.jface,3.6.2.M20110210-1200,"org.eclipse.jface",1403257216423
started,bundle,org.eclipse.jst.common.frameworks,1.1.403.v201012160000,"org.eclipse.jst.common.frameworks",1403257216424
started,bundle,org.eclipse.jst.common.project.facet.core,1.4.102.v201008182136,"org.eclipse.jst.common.project.facet.core",1403257216425
started,bundle,org.eclipse.jst.j2ee,1.1.404.v201102081800,"org.eclipse.jst.j2ee",1403257216433
started,bundle,org.eclipse.jst.j2ee.core,1.2.4.v201102101900,"org.eclipse.jst.j2ee.core",1403257216435
started,bundle,org.eclipse.jst.j2ee.navigator.ui,1.1.403.v201012020600,"org.eclipse.jst.j2ee.navigator.ui",1403257216647
started,bundle,org.eclipse.jst.j2ee.ui,1.1.404.v201101122300,"org.eclipse.jst.j2ee.ui",1403257216660
started,bundle,org.eclipse.jst.j2ee.web,1.1.404.v201102030400,"org.eclipse.jst.j2ee.web",1403257216689
started,bundle,org.eclipse.jst.jee,1.0.302.v201101122300,"org.eclipse.jst.jee",1403257216690
started,bundle,org.eclipse.jst.jee.ui,1.0.304.v201101272100,"org.eclipse.jst.jee.ui",1403257216690
started,bundle,org.eclipse.jst.jsp.core,1.2.304.v201102160550,"org.eclipse.jst.jsp.core",1403257216959
started,bundle,org.eclipse.jst.jsp.ui,1.1.503.v201101262228,"org.eclipse.jst.jsp.ui",1403257216961
started,bundle,org.eclipse.jst.server.tomcat.core,1.1.203.v20110201,"org.eclipse.jst.server.tomcat.core",1403257216962
started,bundle,org.eclipse.jst.ws.jaxrs.core,1.0.201.v201011231540,"org.eclipse.jst.ws.jaxrs.core",1403257216962
started,bundle,org.eclipse.mylyn.commons.net,3.4.1.v20100625-2100-e3x,"org.eclipse.mylyn.commons.net",1403257216962
started,bundle,org.eclipse.mylyn.monitor.ui,3.4.1.v20110131-0100-e3x,"org.eclipse.mylyn.monitor.ui",1403257216963
started,bundle,org.eclipse.team.core,3.5.101.R36x_v20110203-1036,"org.eclipse.team.core",1403257216963
started,bundle,org.eclipse.team.cvs.core,3.3.301.R36x_v20110119-0815,"org.eclipse.team.cvs.core",1403257216964
started,bundle,org.eclipse.ui,3.6.2.M20110203-1100,"org.eclipse.ui",1403257216965
started,bundle,org.eclipse.ui.editors,3.6.1.r361_v20100825-0800,"org.eclipse.ui.editors",1403257216965
started,bundle,org.eclipse.ui.ide,3.6.2.M20101201-0800,"org.eclipse.ui.ide",1403257217004
started,bundle,org.eclipse.ui.navigator.resources,3.4.202.M20101124-0800,"org.eclipse.ui.navigator.resources",1403257217005
started,bundle,org.eclipse.ui.views,3.5.1.M20110202-0800,"org.eclipse.ui.views",1403257217005
started,bundle,org.eclipse.ui.workbench,3.6.2.M20110210-1200,"org.eclipse.ui.workbench",1403257217006
started,bundle,org.eclipse.ui.workbench.texteditor,3.6.1.r361_v20100714-0800,"org.eclipse.ui.workbench.texteditor",1403257217007
started,bundle,org.eclipse.update.core,3.2.402.R36x_v20100629,"org.eclipse.update.core",1403257217033
started,bundle,org.eclipse.wst.common.emf,1.2.3.v201012100400,"org.eclipse.wst.common.emf",1403257217034
started,bundle,org.eclipse.wst.common.emfworkbench.integration,1.2.3.v201012020600,"org.eclipse.wst.common.emfworkbench.integration",1403257217035
started,bundle,org.eclipse.wst.common.modulecore,1.2.5.v201101270100,"org.eclipse.wst.common.modulecore",1403257217035
started,bundle,org.eclipse.wst.common.project.facet.core,1.4.102.v201008170019,"org.eclipse.wst.common.project.facet.core",1403257217036
started,bundle,org.eclipse.wst.jsdt.core,1.1.4.v201102102045,"org.eclipse.wst.jsdt.core",1403257217037
started,bundle,org.eclipse.wst.jsdt.ui,1.1.4.v201102160540,"org.eclipse.wst.jsdt.ui",1403257217059
started,bundle,org.eclipse.wst.server.core,1.1.206.v20110110,"org.eclipse.wst.server.core",1403257217059
started,bundle,org.eclipse.wst.server.ui,1.1.207.v20110119,"org.eclipse.wst.server.ui",1403257217060
started,bundle,org.eclipse.wst.sse.core,1.1.504.v201102160550,"org.eclipse.wst.sse.core",1403257217060
started,bundle,org.eclipse.wst.sse.ui,1.2.3.v201102102045,"org.eclipse.wst.sse.ui",1403257217061
started,bundle,org.eclipse.wst.validation,1.2.201.v201101270100,"org.eclipse.wst.validation",1403257217061
started,bundle,org.eclipse.wst.web,1.1.402.v201012160000,"org.eclipse.wst.web",1403257217062
started,bundle,org.eclipse.wst.xml.core,1.1.503.v201102102045,"org.eclipse.wst.xml.core",1403257217063
started,bundle,org.eclipse.wst.xml.ui,1.1.103.v201101122108,"org.eclipse.wst.xml.ui",1403257217063
started,bundle,org.eclipse.wst.xsd.core,1.1.503.v201011121919,"org.eclipse.wst.xsd.core",1403257217064
started,bundle,org.eclipse.wst.xsl.ui,1.1.1.v201009091745,"org.eclipse.wst.xsl.ui",1403257217065
started,bundle,org.eclipse.xsd,2.6.0.v20100914-1218,"org.eclipse.xsd",1403257217065
os,sysinfo,,,"win32",1403257217068
arch,sysinfo,,,"x86",1403257217068
ws,sysinfo,,,"win32",1403257217068
locale,sysinfo,,,"en_US",1403257217068
processors,sysinfo,,,"2",1403257217068
java.runtime.name,sysinfo,,,"Java(TM) SE Runtime Environment",1403257217068
java.runtime.version,sysinfo,,,"1.6.0_20-b02",1403257217068
java.specification.name,sysinfo,,,"Java Platform API Specification",1403257217068
java.specification.vendor,sysinfo,,,"Sun Microsystems Inc.",1403257217068
java.specification.version,sysinfo,,,"1.6",1403257217068
java.vendor,sysinfo,,,"Sun Microsystems Inc.",1403257217068
java.version,sysinfo,,,"1.6.0_20",1403257217068
java.vm.info,sysinfo,,,"mixed mode",1403257217068
java.vm.name,sysinfo,,,"Java HotSpot(TM) Client VM",1403257217068
java.vm.specification.name,sysinfo,,,"Java Virtual Machine Specification",1403257217068
java.vm.specification.vendor,sysinfo,,,"Sun Microsystems Inc.",1403257217068
java.vm.specification.version,sysinfo,,,"1.0",1403257217068
java.vm.vendor,sysinfo,,,"Sun Microsystems Inc.",1403257217068
java.vm.version,sysinfo,,,"16.3-b01",1403257217068
started,bundle,org.eclipse.team.ui,3.5.102.R36x_v20110203-1036,"org.eclipse.team.ui",1403257217321
started,bundle,org.eclipse.ui.console,3.5.0.v20100526,"org.eclipse.ui.console",1403257217322
started,bundle,org.eclipse.jdt.apt.core,3.3.402.R36_v20110120-1000,"org.eclipse.jdt.apt.core",1403257217450
started,bundle,org.eclipse.jdt.apt.pluggable.core,1.0.301.R36_v20100727-0110,"org.eclipse.jdt.apt.pluggable.core",1403257217722
started,bundle,org.eclipse.team.cvs.ui,3.3.302.R36x_v20110203-1036,"org.eclipse.team.cvs.ui",1403257218270
started,bundle,org.eclipse.mylyn.commons.ui,3.4.0.v20100608-0100-e3x,"org.eclipse.mylyn.commons.ui",1403257218385
started,bundle,org.eclipse.core.variables,3.2.400.v20100505,"org.eclipse.core.variables",1403257218579
started,bundle,org.eclipse.mylyn.bugzilla.core,3.4.2.v20100902-0100-e3x,"org.eclipse.mylyn.bugzilla.core",1403257218732
started,bundle,org.eclipse.mylyn.bugzilla.ui,3.4.3.v20110131-0100-e3x,"org.eclipse.mylyn.bugzilla.ui",1403257219003
started,bundle,org.eclipse.wst.dtd.core,1.1.401.v201101122255,"org.eclipse.wst.dtd.core",1403257219445
started,bundle,org.eclipse.wst.html.ui,1.0.504.v201101122108,"org.eclipse.wst.html.ui",1403257219450
activated,workbench,org.eclipse.ui.workbench,3.6.2.M20110210-1200,"",1403257219500
started,bundle,org.eclipse.ui.forms,3.5.2.r36_v20100702,"org.eclipse.ui.forms",1403257219626
started,bundle,org.eclipse.jst.jsf.common,1.2.2.v201101211220,"org.eclipse.jst.jsf.common",1403257219760
started,bundle,org.eclipse.mylyn.context.core,3.4.1.v20100909-0100-e3x,"org.eclipse.mylyn.context.core",1403257219808
started,bundle,org.eclipse.jst.jsf.core,1.3.3.v201102021253,"org.eclipse.jst.jsf.core",1403257219813
started,bundle,org.eclipse.mylyn.context.ui,3.4.2.v20110131-0100-e3x,"org.eclipse.mylyn.context.ui",1403257219818
started,bundle,org.eclipse.wst.wsdl.validation,1.1.501.v201004201506,"org.eclipse.wst.wsdl.validation",1403257220057
started,bundle,org.eclipse.mylyn.tasks.ui,3.4.3.v20110131-0100-e3x,"org.eclipse.mylyn.tasks.ui",1403257220542
started,bundle,org.eclipse.mylyn.team.ui,3.4.3.v20110131-0100-e3x,"org.eclipse.mylyn.team.ui",1403257220766
started,bundle,org.eclipse.ltk.core.refactoring,3.5.101.r362_v20101117-0800,"org.eclipse.ltk.core.refactoring",1403257223613
started,bundle,org.eclipse.ltk.ui.refactoring,3.5.0.v20100526-0800,"org.eclipse.ltk.ui.refactoring",1403257224112
opened,editor,org.eclipse.jdt.ui,3.6.2.r362_v20110203,"org.eclipse.jdt.ui.CompilationUnitEditor",1403257224725
started,bundle,org.eclipse.jdt.debug,3.6.1.v20100715_r361,"org.eclipse.jdt.debug",1403257227331
started,bundle,org.eclipse.jdt.debug.ui,3.5.2.v20100928a_r362,"org.eclipse.jdt.debug.ui",1403257227546
activated,editor,org.eclipse.jdt.ui,3.6.2.r362_v20110203,"org.eclipse.jdt.ui.CompilationUnitEditor",1403257227687
deactivated,workbench,org.eclipse.ui.workbench,3.6.2.M20110210-1200,"",1403257227702
activated,workbench,org.eclipse.ui.workbench,3.6.2.M20110210-1200,"",1403257228106
executed,command,org.eclipse.ui,3.6.2.M20110203-1100,"org.eclipse.ui.edit.paste",1403257231687
started,bundle,org.eclipse.jst.servlet.ui,1.1.404.v201101270100,"org.eclipse.jst.servlet.ui",1403257232465
started,bundle,org.eclipse.jdt.junit,3.6.1.r361_v20100825-0800,"org.eclipse.jdt.junit",1403257232639
started,bundle,org.eclipse.mylyn.java.ui,3.4.0.v20100608-0100-e3x,"org.eclipse.mylyn.java.ui",1403257234636
started,bundle,org.eclipse.mylyn.ide.ui,3.4.0.v20100608-0100-e3x,"org.eclipse.mylyn.ide.ui",1403257234756
started,bundle,org.eclipse.pde.api.tools,1.0.202.v20100820_r361,"org.eclipse.pde.api.tools",1403257234862
started,bundle,org.eclipse.pde.api.tools.ui,1.0.201.v20100820_r361,"org.eclipse.pde.api.tools.ui",1403257234862
executed,command,org.eclipse.ui,3.6.2.M20110203-1100,"org.eclipse.ui.edit.text.contentAssist.proposals",1403257235287
deactivated,workbench,org.eclipse.ui.workbench,3.6.2.M20110210-1200,"",1403257238375
activated,workbench,org.eclipse.ui.workbench,3.6.2.M20110210-1200,"",1403257245042
executed,command,org.eclipse.ui,3.6.2.M20110203-1100,"org.eclipse.ui.file.save",1403257252034
executed,command,org.eclipse.ui,3.6.2.M20110203-1100,"org.eclipse.ui.file.save",1403257256739
started,bundle,org.eclipse.mylyn.java.tasks,3.4.0.v20100608-0100-e3x,"org.eclipse.mylyn.java.tasks",1403257256940
deactivated,workbench,org.eclipse.ui.workbench,3.6.2.M20110210-1200,"",1403257259700
activated,workbench,org.eclipse.ui.workbench,3.6.2.M20110210-1200,"",1403257273573
opened,editor,org.eclipse.wst.xml.ui,1.1.103.v201101122108,"org.eclipse.wst.xml.ui.internal.tabletree.XMLMultiPageEditorPart",1403257275128
activated,editor,org.eclipse.wst.xml.ui,1.1.103.v201101122108,"org.eclipse.wst.xml.ui.internal.tabletree.XMLMultiPageEditorPart",1403257275213
deactivated,workbench,org.eclipse.ui.workbench,3.6.2.M20110210-1200,"",1403257276257
activated,workbench,org.eclipse.ui.workbench,3.6.2.M20110210-1200,"",1403257277634
executed,command,org.eclipse.ui.workbench.texteditor,3.6.1.r361_v20100714-0800,"org.eclipse.ui.edit.text.goto.lineEnd",1403257279351
executed,command,org.eclipse.ui.workbench.texteditor,3.6.1.r361_v20100714-0800,"org.eclipse.ui.edit.text.goto.lineEnd",1403257285983
executed,command,org.eclipse.ui,3.6.2.M20110203-1100,"org.eclipse.ui.edit.paste",1403257286845
executed,command,org.eclipse.ui,3.6.2.M20110203-1100,"org.eclipse.ui.file.save",1403257287149
deactivated,workbench,org.eclipse.ui.workbench,3.6.2.M20110210-1200,"",1403257287797
activated,workbench,org.eclipse.ui.workbench,3.6.2.M20110210-1200,"",1403257296490
activated,view,org.eclipse.ui.navigator.resources,3.4.202.M20101124-0800,"org.eclipse.ui.navigator.ProjectExplorer",1403257297545
started,bundle,org.eclipse.jst.j2ee.jca,1.1.400.v201005270700,"org.eclipse.jst.j2ee.jca",1403257297634
started,bundle,org.eclipse.jst.j2ee.ejb,1.1.402.v201102071010,"org.eclipse.jst.j2ee.ejb",1403257297669
started,bundle,org.eclipse.jst.jee.ejb,1.0.301.v201007070821,"org.eclipse.jst.jee.ejb",1403257297699
started,bundle,org.eclipse.jst.jee.web,1.0.301.v201007070907,"org.eclipse.jst.jee.web",1403257297714
started,bundle,org.eclipse.pde.core,3.6.2.v20110210_r362,"org.eclipse.pde.core",1403257299835
started,bundle,org.eclipse.mylyn.resources.ui,3.4.1.v20100909-0100-e3x,"org.eclipse.mylyn.resources.ui",1403257301368
started,bundle,org.eclipse.compare,3.5.101.R36x_v20100929-0800,"org.eclipse.compare",1403257301743
deactivated,workbench,org.eclipse.ui.workbench,3.6.2.M20110210-1200,"",1403257303870
activated,workbench,org.eclipse.ui.workbench,3.6.2.M20110210-1200,"",1403257306835
started,bundle,org.eclipse.wst.html.core,1.1.404.v201101190004,"org.eclipse.wst.html.core",1403257311120
started,bundle,org.eclipse.wst.css.core,1.1.402.v201102031915,"org.eclipse.wst.css.core",1403257311243
started,bundle,org.eclipse.jst.jsf.facelet.ui,1.0.0.v20100602,"org.eclipse.jst.jsf.facelet.ui",1403257311264
started,bundle,org.eclipse.jst.jsf.ui,1.3.1.v20100906,"org.eclipse.jst.jsf.ui",1403257311291
started,bundle,org.eclipse.wst.jsdt.web.ui,1.0.304.v201012160349,"org.eclipse.wst.jsdt.web.ui",1403257311303
started,bundle,org.eclipse.wst.css.ui,1.0.502.v201101122002,"org.eclipse.wst.css.ui",1403257311311
started,bundle,org.eclipse.wst.jsdt.web.core,1.0.304.v201102160550,"org.eclipse.wst.jsdt.web.core",1403257311378
deactivated,workbench,org.eclipse.ui.workbench,3.6.2.M20110210-1200,"",1403257311596
activated,workbench,org.eclipse.ui.workbench,3.6.2.M20110210-1200,"",1403257318480
started,bundle,org.eclipse.wst.jsdt.web.support.jsp,1.0.303.v201012160047,"org.eclipse.wst.jsdt.web.support.jsp",1403257318604
opened,editor,org.eclipse.jst.jsp.ui,1.1.503.v201101262228,"org.eclipse.jst.jsp.core.jspsource.source",1403257318799
activated,editor,org.eclipse.jst.jsp.ui,1.1.503.v201101262228,"org.eclipse.jst.jsp.core.jspsource.source",1403257318979
activated,editor,org.eclipse.jdt.ui,3.6.2.r362_v20110203,"org.eclipse.jdt.ui.CompilationUnitEditor",1403257320016
executed,command,org.eclipse.ui,3.6.2.M20110203-1100,"org.eclipse.ui.edit.copy",1403257321594
activated,view,org.eclipse.ui.navigator.resources,3.4.202.M20101124-0800,"org.eclipse.ui.navigator.ProjectExplorer",1403257322361
deactivated,workbench,org.eclipse.ui.workbench,3.6.2.M20110210-1200,"",1403257324665
executed,command,org.eclipse.ui,3.6.2.M20110203-1100,"org.eclipse.ui.edit.paste",1403257326111
started,bundle,org.eclipse.ant.ui,3.5.0.v20100427,"org.eclipse.ant.ui",1403257327260
started,bundle,org.eclipse.pde.launching,3.6.0.v20100601,"org.eclipse.pde.launching",1403257327302
started,bundle,org.eclipse.ui.views.log,1.0.100.v20110210_r362,"org.eclipse.ui.views.log",1403257327316
started,bundle,org.eclipse.pde.ui,3.6.1.v20110210_r362,"org.eclipse.pde.ui",1403257327325
activated,workbench,org.eclipse.ui.workbench,3.6.2.M20110210-1200,"",1403257327911
executed,command,org.eclipse.ltk.ui.refactoring,3.5.0.v20100526-0800,"org.eclipse.ltk.ui.refactoring.commands.renameResource",1403257327916
executed,command,org.eclipse.ui,3.6.2.M20110203-1100,"org.eclipse.ui.edit.rename",1403257327916
activated,editor,org.eclipse.jst.jsp.ui,1.1.503.v201101262228,"org.eclipse.jst.jsp.core.jspsource.source",1403257329283
executed,command,org.eclipse.ui.workbench.texteditor,3.6.1.r361_v20100714-0800,"org.eclipse.ui.edit.text.goto.lineEnd",1403257331179
executed,command,org.eclipse.ui,3.6.2.M20110203-1100,"org.eclipse.ui.file.save",1403257336177
deactivated,workbench,org.eclipse.ui.workbench,3.6.2.M20110210-1200,"",1403257337405
activated,workbench,org.eclipse.ui.workbench,3.6.2.M20110210-1200,"",1403257343086
deactivated,workbench,org.eclipse.ui.workbench,3.6.2.M20110210-1200,"",1403257344513
activated,workbench,org.eclipse.ui.workbench,3.6.2.M20110210-1200,"",1403257353855
activated,editor,org.eclipse.wst.xml.ui,1.1.103.v201101122108,"org.eclipse.wst.xml.ui.internal.tabletree.XMLMultiPageEditorPart",1403257355030
executed,command,org.eclipse.ui,3.6.2.M20110203-1100,"org.eclipse.ui.edit.paste",1403257359046
executed,command,org.eclipse.ui.workbench.texteditor,3.6.1.r361_v20100714-0800,"org.eclipse.ui.edit.text.goto.lineStart",1403257359661
executed,command,org.eclipse.ui,3.6.2.M20110203-1100,"org.eclipse.ui.file.save",1403257360688
deactivated,workbench,org.eclipse.ui.workbench,3.6.2.M20110210-1200,"",1403257361151
activated,workbench,org.eclipse.ui.workbench,3.6.2.M20110210-1200,"",1403257370739
executed,command,org.eclipse.ui,3.6.2.M20110203-1100,"org.eclipse.ui.edit.paste",1403257372701
executed,command,org.eclipse.ui,3.6.2.M20110203-1100,"org.eclipse.ui.file.save",1403257373077
executed,command,org.eclipse.ui,3.6.2.M20110203-1100,"org.eclipse.ui.file.save",1403257375568
deactivated,workbench,org.eclipse.ui.workbench,3.6.2.M20110210-1200,"",1403257376157
activated,workbench,org.eclipse.ui.workbench,3.6.2.M20110210-1200,"",1403257381141
deactivated,workbench,org.eclipse.ui.workbench,3.6.2.M20110210-1200,"",1403257382793
activated,workbench,org.eclipse.ui.workbench,3.6.2.M20110210-1200,"",1403257387901
activated,editor,org.eclipse.jst.jsp.ui,1.1.503.v201101262228,"org.eclipse.jst.jsp.core.jspsource.source",1403257389127
activated,editor,org.eclipse.wst.xml.ui,1.1.103.v201101122108,"org.eclipse.wst.xml.ui.internal.tabletree.XMLMultiPageEditorPart",1403257389907
executed,command,org.eclipse.ui,3.6.2.M20110203-1100,"org.eclipse.ui.edit.paste",1403257392697
executed,command,org.eclipse.ui,3.6.2.M20110203-1100,"org.eclipse.ui.file.save",1403257393010
executed,command,org.eclipse.ui,3.6.2.M20110203-1100,"org.eclipse.ui.edit.selectAll",1403257393583
executed,command,org.eclipse.wst.sse.ui,1.2.3.v201102102045,"org.eclipse.wst.sse.ui.format.document",1403257394395
executed,command,org.eclipse.ui,3.6.2.M20110203-1100,"org.eclipse.ui.file.saveAll",1403257394719
deactivated,workbench,org.eclipse.ui.workbench,3.6.2.M20110210-1200,"",1403257396518
activated,workbench,org.eclipse.ui.workbench,3.6.2.M20110210-1200,"",1403257398514
executed,command,org.eclipse.ui,3.6.2.M20110203-1100,"org.eclipse.ui.edit.copy",1403257407571
executed,command,org.eclipse.ui,3.6.2.M20110203-1100,"org.eclipse.ui.edit.paste",1403257410688
executed,command,org.eclipse.ui,3.6.2.M20110203-1100,"org.eclipse.ui.file.save",1403257411028
